Title,URL
Q: react expo [Unhandled promise rejection: Error: Tried to use permissions API but the host Ac…,https://stackoverflow.com/questions/59152415/react-expo-unhandled-promise-rejection-error-tried-to-use-permissions-api-but?r=SearchResults
A: Class BadgeDrawable not found. How to use material design BadgeDrawable in Android,https://stackoverflow.com/questions/59152557/class-badgedrawable-not-found-how-to-use-material-design-badgedrawable-in-andro/59156252?r=SearchResults#59156252
A: How to use CheckBox for set string in Android,https://stackoverflow.com/questions/59157904/how-to-use-checkbox-for-set-string-in-android/59158400?r=SearchResults#59158400
Q: Hidden Password dot spacing change in Android?,https://stackoverflow.com/questions/59164922/hidden-password-dot-spacing-change-in-android?r=SearchResults
A: Google Directions API: Get the current step JSON-Object to current position on Android,https://stackoverflow.com/questions/59117996/google-directions-api-get-the-current-step-json-object-to-current-position-on-a/59155331?r=SearchResults#59155331
Q: Android BottomNavigationView One tab with different unselected/selected colors,https://stackoverflow.com/questions/59160315/android-bottomnavigationview-one-tab-with-different-unselected-selected-colors?r=SearchResults
"A: Does there exist unicode “New-Line” (Line-break), like there is unicode `space` ( )?",https://stackoverflow.com/questions/53905112/does-there-exist-unicode-new-line-line-break-like-there-is-unicode-space/59161906?r=SearchResults#59161906
A: Android coroutine job changed to CompletableJob?,https://stackoverflow.com/questions/59150471/android-coroutine-job-changed-to-completablejob/59150532?r=SearchResults#59150532
"Q: How to check If user open my app first time (Flutter App,Dart Code)",https://stackoverflow.com/questions/59162178/how-to-check-if-user-open-my-app-first-time-flutter-app-dart-code?r=SearchResults
A: How to return a single int value from DAO query?,https://stackoverflow.com/questions/59159913/how-to-return-a-single-int-value-from-dao-query/59160242?r=SearchResults#59160242
